number,temperature,pressure,acceleration
0,23.3125,1010.48,"[9.53206, -0.11768, -0.196133]"
1,23.8125,1010.23,"[9.64974, -0.313813, 0.0392266]"
2,23.3125,1010.48,"[9.57129, -0.156906, -0.313813]"
3,23.8125,1010.23,"[9.68897, -0.431492, -0.0784532]"
4,23.3125,1010.48,"[9.57129, 0.0, -0.23536]"
5,23.8125,1010.23,"[9.76742, -0.470719, -0.23536]"
6,23.8125,1010.24,"[9.7282, -0.431492, 0.11768]"
7,23.3125,1010.49,"[9.45361, -0.11768, -0.11768]"
8,23.8125,1010.24,"[9.76742, -0.431492, -0.0392266]"
9,23.3125,1010.49,"[9.45361, -0.0784532, -0.274586]"
10,23.75,1010.24,"[9.76742, -0.470719, -0.0392266]"
11,23.3125,1010.49,"[9.53206, -0.11768, -0.196133]"
12,23.8125,1010.25,"[9.84587, -0.431492, -0.0784532]"
13,23.3125,1010.49,"[9.49284, -0.11768, -0.11768]"
14,23.8125,1010.25,"[9.84587, -0.431492, -0.0784532]"
15,23.3125,1010.49,"[9.53206, -0.0784532, -0.313813]"
16,23.75,1010.25,"[9.80664, -0.470719, -0.11768]"
17,23.3125,1010.5,"[9.49284, -0.0392266, -0.23536]"
18,23.8125,1010.25,"[9.84587, -0.392266, -0.0392266]"
19,23.3125,1010.49,"[9.57129, -0.11768, -0.23536]"
20,23.8125,1010.25,"[9.64974, -0.588399, -0.11768]"
21,23.3125,1010.49,"[9.45361, -0.11768, -0.313813]"
22,23.3125,1010.49,"[9.49284, -0.0784532, -0.313813]"
23,23.8125,1010.25,"[9.7282, -0.470719, -0.0784532]"
24,23.8125,1010.25,"[9.76742, -0.470719, -0.11768]"
25,23.375,1010.49,"[9.53206, -0.11768, -0.196133]"
26,23.8125,1010.24,"[9.68897, -0.509946, -0.11768]"
27,23.375,1010.49,"[9.53206, -0.11768, -0.11768]"
28,23.875,1010.25,"[9.7282, -0.431492, -0.0392266]"
29,23.375,1010.5,"[9.53206, -0.11768, -0.23536]"
30,23.875,1010.25,"[9.7282, -0.431492, -0.0392266]"
31,23.3125,1010.5,"[9.57129, -0.156906, -0.196133]"
32,23.875,1010.25,"[9.80664, -0.353039, -0.11768]"
33,23.3125,1010.5,"[9.45361, -0.11768, -0.23536]"
34,23.875,1010.25,"[9.7282, -0.509946, -0.0392266]"
35,23.3125,1010.5,"[9.53206, -0.0392266, -0.156906]"
36,23.875,1010.25,"[9.80664, -0.392266, -0.0392266]"
37,23.3125,1010.5,"[9.49284, -0.0784532, -0.196133]"
38,23.875,1010.25,"[9.76742, -0.470719, -0.11768]"
39,23.3125,1010.48,"[9.57129, -0.0784532, -0.11768]"
40,23.875,1010.24,"[9.76742, -0.470719, -0.0784532]"
41,23.3125,1010.48,"[9.49284, -0.11768, -0.156906]"
42,23.875,1010.24,"[9.7282, -0.509946, -0.196133]"
43,23.3125,1010.48,"[9.49284, -0.11768, -0.196133]"
44,23.8125,1010.24,"[9.7282, -0.353039, 0.0784532]"
45,23.3125,1010.48,"[9.45361, -0.0392266, -0.196133]"
46,23.875,1010.24,"[9.7282, -0.470719, -0.0392266]"
47,23.3125,1010.48,"[9.49284, -0.11768, -0.23536]"
48,23.8125,1010.23,"[9.80664, -0.470719, -0.0784532]"
49,23.3125,1010.48,"[9.53206, -0.11768, -0.313813]"
50,23.875,1010.24,"[9.80664, -0.509946, -0.0392266]"
51,23.3125,1010.48,"[9.57129, -0.0784532, -0.156906]"
52,23.8125,1010.23,"[9.76742, -0.392266, -0.156906]"
53,23.3125,1010.48,"[9.57129, -0.196133, -0.196133]"
54,23.875,1010.23,"[9.7282, -0.509946, -0.0784532]"
55,23.3125,1010.48,"[9.49284, -0.11768, -0.196133]"
56,23.8125,1010.24,"[9.68897, -0.470719, -0.11768]"
57,23.3125,1010.49,"[9.57129, -0.11768, -0.156906]"
58,23.875,1010.24,"[9.80664, -0.431492, -0.0784532]"
59,23.3125,1010.49,"[9.53206, -0.0392266, -0.196133]"
60,23.875,1010.24,"[9.7282, -0.431492, 0.0392266]"
61,23.25,1010.49,"[9.57129, -0.11768, -0.274586]"
62,23.875,1010.24,"[9.80664, -0.470719, 0.0]"
63,23.3125,1010.49,"[9.49284, -0.0784532, -0.196133]"
64,23.875,1010.24,"[9.80664, -0.392266, 0.0]"
65,23.3125,1010.49,"[9.49284, -0.0784532, -0.156906]"
66,23.875,1010.24,"[9.76742, -0.431492, -0.11768]"
67,23.375,1010.55,"[9.53206, -0.11768, -0.274586]"
68,23.875,1010.23,"[9.76742, -0.431492, -0.0392266]"
69,23.375,1010.47,"[9.37515, -0.0392266, -0.156906]"
70,23.875,1010.22,"[9.80664, -0.470719, -0.0784532]"
71,23.3125,1010.47,"[9.45361, -0.0784532, -0.156906]"
72,23.875,1010.23,"[9.8851, -0.392266, -0.0392266]"
73,23.3125,1010.47,"[9.41438, -0.0784532, -0.23536]"
74,23.875,1010.23,"[9.7282, -0.392266, 0.0]"
75,23.375,1010.47,"[9.45361, -0.0392266, -0.274586]"
76,23.875,1010.23,"[9.76742, -0.431492, 0.0]"
77,23.875,1010.23,"[9.76742, -0.509946, -0.196133]"
78,23.25,1010.48,"[9.49284, -0.11768, -0.196133]"
79,23.875,1010.23,"[9.64974, -0.431492, -0.156906]"
80,23.3125,1010.48,"[9.49284, -0.11768, -0.196133]"
81,23.3125,1010.48,"[9.57129, -0.0784532, -0.196133]"
82,23.875,1010.24,"[9.80664, -0.509946, -0.196133]"
83,23.3125,1010.49,"[9.49284, -0.11768, -0.196133]"
84,23.9375,1010.25,"[9.7282, -0.509946, -0.11768]"
85,23.3125,1010.49,"[9.53206, -0.0784532, -0.274586]"
86,23.875,1010.25,"[9.61051, -0.470719, -0.0392266]"
87,23.3125,1010.49,"[9.49284, -0.11768, -0.196133]"
88,23.875,1010.24,"[9.76742, -0.470719, -0.0392266]"
89,23.25,1010.48,"[9.57129, -0.156906, -0.23536]"
90,23.875,1010.24,"[9.84587, -0.392266, -0.11768]"
91,23.25,1010.49,"[9.57129, -0.11768, -0.196133]"
92,23.875,1010.24,"[9.68897, -0.549172, -0.11768]"
93,23.3125,1010.49,"[9.41438, 0.0, -0.274586]"
94,23.875,1010.24,"[9.7282, -0.431492, -0.0784532]"
95,23.25,1010.49,"[9.53206, -0.0784532, -0.274586]"
96,23.8125,1010.24,"[9.68897, -0.470719, -0.0784532]"
97,23.25,1010.48,"[9.61051, -0.11768, -0.23536]"
98,23.8125,1010.25,"[9.76742, -0.392266, 0.0]"
99,23.25,1010.47,"[9.49284, -0.0784532, -0.274586]"
100,23.8125,1010.24,"[9.8851, -0.588399, -0.11768]"
101,23.25,1010.47,"[9.57129, 0.0392266, -0.23536]"
102,23.8125,1010.23,"[9.76742, -0.509946, 0.0]"
103,23.3125,1010.48,"[9.61051, -0.156906, -0.23536]"
104,23.875,1010.23,"[9.80664, -0.392266, -0.0784532]"
105,23.25,1010.48,"[9.49284, -0.11768, -0.274586]"
106,23.8125,1010.23,"[9.68897, -0.431492, -0.0784532]"
107,23.25,1010.47,"[9.49284, -0.0784532, -0.353039]"
108,23.8125,1010.23,"[9.7282, -0.470719, -0.0784532]"
109,23.3125,1010.48,"[9.49284, -0.156906, -0.156906]"
110,23.8125,1010.23,"[9.80664, -0.509946, -0.0784532]"
111,23.25,1010.48,"[9.41438, -0.0784532, -0.274586]"
112,23.8125,1010.23,"[9.80664, -0.313813, 0.0784532]"
113,23.25,1010.49,"[9.53206, -0.0784532, -0.23536]"
114,23.8125,1010.24,"[9.76742, -0.431492, -0.0784532]"
115,23.25,1010.48,"[9.45361, -0.0784532, -0.274586]"
116,23.8125,1010.23,"[9.76742, -0.353039, -0.11768]"
117,23.25,1010.48,"[9.49284, -0.0784532, -0.23536]"
118,23.8125,1010.23,"[9.7282, -0.431492, -0.0784532]"
119,23.25,1010.48,"[9.49284, -0.0392266, -0.196133]"
120,23.8125,1010.23,"[9.7282, -0.431492, 0.0]"
121,23.25,1010.48,"[9.49284, -0.0784532, -0.23536]"
122,23.875,1010.24,"[9.76742, -0.431492, 0.0]"
123,23.25,1010.48,"[9.53206, -0.196133, -0.23536]"
124,23.8125,1010.24,"[9.76742, -0.313813, -0.0784532]"
125,23.25,1010.48,"[9.53206, -0.0784532, -0.274586]"
126,23.8125,1010.24,"[9.76742, -0.313813, -0.156906]"
127,23.25,1010.48,"[9.49284, -0.0784532, -0.313813]"
128,23.875,1010.24,"[9.76742, -0.353039, -0.0784532]"
129,23.3125,1010.48,"[9.57129, -0.11768, -0.23536]"
130,23.8125,1010.24,"[9.7282, -0.549172, -0.0784532]"
131,23.25,1010.49,"[9.49284, -0.0784532, -0.313813]"
132,23.8125,1010.24,"[9.7282, -0.509946, -0.156906]"
133,23.25,1010.49,"[9.53206, -0.0392266, -0.23536]"
134,23.8125,1010.25,"[9.76742, -0.470719, -0.0392266]"
135,23.25,1010.49,"[9.57129, -0.11768, -0.23536]"
136,23.8125,1010.25,"[9.68897, -0.431492, -0.0784532]"
137,23.3125,1010.49,"[9.53206, -0.0784532, -0.23536]"
138,23.8125,1010.24,"[9.80664, -0.392266, -0.11768]"
139,23.1875,1010.49,"[9.57129, -0.156906, -0.23536]"
140,23.8125,1010.24,"[9.92433, -0.392266, -0.392266]"
141,23.1875,1010.49,"[9.57129, -0.11768, -0.196133]"
142,23.8125,1010.24,"[9.7282, -0.431492, -0.0784532]"
143,23.25,1010.49,"[9.49284, -0.11768, -0.156906]"
144,23.8125,1010.25,"[9.7282, -0.470719, -0.0392266]"
145,23.25,1010.49,"[9.57129, -0.196133, -0.156906]"
146,23.8125,1010.24,"[9.76742, -0.470719, -0.11768]"
147,23.25,1010.49,"[9.45361, -0.196133, -0.0784532]"
148,23.8125,1010.24,"[9.80664, -0.431492, -0.0392266]"
149,23.25,1010.49,"[9.49284, -0.11768, -0.353039]"
150,23.8125,1010.24,"[9.84587, -0.431492, -0.196133]"
151,23.25,1010.49,"[9.49284, -0.0784532, -0.156906]"
152,23.75,1010.24,"[9.7282, -0.509946, -0.11768]"
153,23.25,1010.49,"[9.53206, -0.11768, -0.313813]"
154,23.75,1010.24,"[9.76742, -0.431492, -0.0392266]"
155,23.25,1010.49,"[9.53206, -0.0784532, -0.156906]"
156,23.8125,1010.24,"[9.80664, -0.470719, -0.11768]"
157,23.25,1010.49,"[9.57129, -0.0392266, -0.313813]"
158,23.75,1010.25,"[9.80664, -0.549172, -0.11768]"
159,23.25,1010.49,"[9.49284, -0.0784532, -0.156906]"
160,23.75,1010.23,"[9.76742, -0.431492, -0.0392266]"
161,23.25,1010.48,"[9.57129, -0.11768, -0.23536]"
162,23.75,1010.23,"[9.80664, -0.313813, 0.0]"
163,23.25,1010.47,"[9.53206, -0.11768, -0.23536]"
164,23.6875,1010.22,"[9.76742, -0.509946, 0.0]"
165,23.1875,1010.47,"[9.49284, -0.0784532, -0.156906]"
166,23.75,1010.23,"[9.7282, -0.431492, -0.0392266]"
167,23.25,1010.47,"[9.57129, -0.0784532, -0.156906]"
168,23.75,1010.23,"[9.68897, -0.509946, -0.0784532]"
169,23.25,1010.47,"[9.57129, -0.0784532, -0.470719]"
170,23.75,1010.23,"[9.80664, -0.470719, -0.0784532]"
171,23.25,1010.49,"[9.57129, -0.0784532, -0.274586]"
172,23.75,1010.24,"[9.7282, -0.431492, -0.11768]"
173,23.25,1010.49,"[9.49284, -0.11768, -0.23536]"
174,23.75,1010.24,"[9.61051, -0.274586, -0.274586]"
175,23.25,1010.49,"[9.61051, -0.0784532, -0.196133]"
176,23.75,1010.24,"[9.7282, -0.392266, 0.0392266]"
177,23.3125,1010.49,"[9.53206, -0.0784532, -0.196133]"
178,23.75,1010.24,"[9.84587, -0.392266, 0.0]"
179,23.3125,1010.49,"[9.53206, -0.156906, -0.196133]"
180,23.75,1010.24,"[9.7282, -0.431492, -0.0784532]"
181,23.3125,1010.49,"[9.45361, -0.11768, -0.156906]"
182,23.75,1010.24,"[9.68897, -0.431492, -0.0784532]"
183,23.3125,1010.49,"[9.53206, -0.156906, -0.196133]"
184,23.75,1010.24,"[9.64974, -0.470719, -0.0784532]"
185,23.25,1010.49,"[9.49284, -0.0392266, -0.196133]"
186,23.75,1010.24,"[9.68897, -0.549172, -0.0784532]"
187,23.3125,1010.49,"[9.53206, -0.0784532, -0.274586]"
188,23.75,1010.24,"[9.8851, -0.431492, -0.156906]"
189,23.25,1010.49,"[9.49284, -0.0784532, -0.23536]"
190,23.75,1010.24,"[9.68897, -0.392266, -0.0784532]"
191,23.25,1010.49,"[9.57129, -0.0784532, -0.156906]"
192,23.75,1010.24,"[9.8851, -0.431492, 0.0]"
193,23.25,1010.49,"[9.64974, -0.11768, -0.0784532]"
194,23.75,1010.25,"[9.76742, -0.431492, -0.11768]"
195,23.25,1010.49,"[9.45361, 0.0, -0.274586]"
196,23.75,1010.24,"[9.76742, -0.470719, -0.0784532]"
197,23.25,1010.49,"[9.57129, -0.0392266, -0.274586]"
198,23.75,1010.24,"[9.80664, -0.392266, -0.0784532]"
199,23.25,1010.49,"[9.53206, -0.0784532, -0.156906]"
200,23.75,1010.24,"[9.76742, -0.353039, -0.0784532]"
201,23.25,1010.49,"[9.49284, -0.0784532, -0.23536]"
202,23.6875,1010.24,"[9.7282, -0.470719, -0.0392266]"
203,23.25,1010.49,"[9.57129, -0.0784532, -0.196133]"
204,23.75,1010.25,"[9.80664, -0.392266, -0.196133]"
205,23.25,1010.49,"[9.57129, -0.156906, -0.23536]"
206,23.6875,1010.24,"[9.8851, -0.392266, -0.0784532]"
207,23.25,1010.49,"[9.53206, -0.11768, -0.196133]"
208,23.6875,1010.24,"[9.76742, -0.431492, -0.11768]"
209,23.25,1010.49,"[9.53206, -0.0392266, -0.313813]"
210,23.6875,1010.25,"[9.76742, -0.392266, 0.0392266]"
211,23.25,1010.49,"[9.45361, -0.0784532, -0.23536]"
212,23.75,1010.25,"[9.76742, -0.509946, -0.0392266]"
213,23.25,1010.49,"[9.49284, -0.0784532, -0.23536]"
214,23.6875,1010.24,"[9.76742, -0.431492, -0.0784532]"
215,23.25,1010.49,"[9.57129, -0.0784532, -0.196133]"
216,23.75,1010.24,"[9.80664, -0.509946, -0.0784532]"
217,23.3125,1010.49,"[9.57129, -0.0392266, -0.156906]"
218,23.6875,1010.25,"[9.68897, -0.353039, 0.23536]"
219,23.1875,1010.49,"[9.53206, -0.0392266, -0.313813]"
220,23.6875,1010.24,"[9.80664, -0.353039, -0.0784532]"
221,23.1875,1010.49,"[9.53206, -0.156906, -0.23536]"
222,23.6875,1010.25,"[9.7282, -0.470719, -0.0784532]"
223,23.25,1010.49,"[9.53206, -0.0392266, -0.196133]"
224,23.6875,1010.24,"[9.7282, -0.392266, -0.11768]"
225,23.25,1010.49,"[9.41438, -0.11768, -0.0392266]"
226,23.625,1010.24,"[9.76742, -0.509946, -0.11768]"
227,23.25,1010.49,"[9.57129, -0.156906, -0.11768]"
228,23.625,1010.24,"[9.76742, -0.470719, -0.0784532]"
229,23.25,1010.49,"[9.53206, -0.0784532, -0.156906]"
230,23.625,1010.24,"[9.80664, -0.431492, 0.0392266]"
231,23.25,1010.49,"[9.53206, -0.0784532, -0.274586]"
232,23.625,1010.25,"[9.76742, -0.470719, -0.196133]"
233,23.25,1010.49,"[9.53206, -0.0392266, -0.353039]"
234,23.625,1010.24,"[9.76742, -0.470719, -0.0784532]"
235,23.25,1010.49,"[9.57129, -0.11768, -0.156906]"
236,23.625,1010.25,"[9.80664, -0.431492, -0.0392266]"
237,23.25,1010.49,"[9.57129, -0.11768, -0.196133]"
238,23.625,1010.25,"[9.64974, -0.470719, -0.0784532]"
239,23.1875,1010.49,"[9.53206, -0.0784532, -0.196133]"
240,23.625,1010.24,"[9.76742, -0.509946, -0.0784532]"
241,23.25,1010.49,"[9.49284, -0.11768, -0.196133]"
242,23.5625,1010.24,"[9.7282, -0.509946, -0.11768]"
243,23.1875,1010.49,"[9.57129, -0.11768, -0.156906]"
244,23.625,1010.25,"[9.68897, -0.431492, -0.0784532]"
245,23.25,1010.49,"[9.49284, -0.0392266, -0.196133]"
246,23.5625,1010.24,"[9.76742, -0.392266, -0.0392266]"
247,23.25,1010.49,"[9.45361, -0.0784532, -0.196133]"
248,23.625,1010.24,"[9.80664, -0.431492, -0.0784532]"
249,23.25,1010.49,"[9.49284, -0.0784532, -0.196133]"
250,23.625,1010.25,"[9.76742, -0.509946, -0.0784532]"
251,23.1875,1010.49,"[9.53206, -0.11768, -0.196133]"
252,23.625,1010.24,"[9.8851, -0.431492, -0.0784532]"
253,23.1875,1010.49,"[9.45361, -0.0784532, -0.11768]"
254,23.625,1010.24,"[9.80664, -0.353039, 0.0]"
255,23.1875,1010.48,"[9.49284, -0.156906, -0.196133]"
256,23.5625,1010.23,"[9.7282, -0.392266, -0.0784532]"
257,23.25,1010.48,"[9.45361, -0.11768, -0.196133]"
258,23.625,1010.23,"[9.7282, -0.627625, -0.0392266]"
259,23.1875,1010.48,"[9.49284, -0.11768, -0.196133]"
260,23.5625,1010.23,"[9.7282, -0.313813, -0.0392266]"
261,23.1875,1010.48,"[9.45361, -0.0784532, -0.196133]"
262,23.625,1010.23,"[9.80664, -0.509946, -0.0784532]"
263,23.1875,1010.48,"[9.53206, -0.11768, -0.23536]"
264,23.625,1010.23,"[9.80664, -0.509946, -0.0392266]"
265,23.25,1010.48,"[9.57129, -0.0784532, -0.156906]"
266,23.1875,1010.53,"[9.61051, -0.0392266, -0.156906]"
267,23.1875,1010.54,"[9.57129, -0.11768, -0.23536]"
268,23.625,1010.28,"[9.68897, -0.431492, -0.0784532]"
269,23.625,1010.29,"[9.68897, -0.470719, -0.0784532]"
270,23.1875,1010.54,"[9.57129, -0.11768, -0.23536]"
271,23.625,1010.29,"[9.64974, -0.431492, -0.196133]"
272,23.25,1010.53,"[9.57129, -0.11768, -0.274586]"
273,23.625,1010.29,"[9.84587, -0.509946, -0.156906]"
274,23.625,1010.28,"[9.76742, -0.353039, -0.0392266]"
275,23.625,1010.26,"[9.68897, -0.470719, -0.156906]"
276,23.25,1010.49,"[9.53206, -0.0392266, -0.431492]"
277,23.625,1010.25,"[9.7282, -0.431492, -0.11768]"
278,23.25,1010.49,"[9.53206, -0.0392266, -0.274586]"
279,23.5625,1010.25,"[9.80664, -0.392266, -0.11768]"
280,23.25,1010.49,"[9.57129, -0.0784532, -0.23536]"
281,23.625,1010.25,"[9.84587, -0.392266, -0.11768]"
282,23.25,1010.49,"[9.45361, -0.11768, -0.313813]"
283,23.5625,1010.24,"[9.76742, -0.431492, -0.11768]"
284,23.1875,1010.49,"[9.53206, -0.11768, -0.196133]"
285,23.5625,1010.25,"[9.80664, -0.431492, -0.0784532]"
286,23.1875,1010.49,"[9.57129, -0.0784532, -0.156906]"
287,23.625,1010.25,"[9.7282, -0.392266, -0.0392266]"
288,23.1875,1010.49,"[9.45361, -0.11768, -0.23536]"
289,23.5625,1010.24,"[9.7282, -0.431492, -0.0784532]"
290,23.25,1010.49,"[9.41438, -0.11768, -0.156906]"
291,23.5625,1010.24,"[9.76742, -0.392266, -0.0784532]"
292,23.1875,1010.49,"[9.37515, -0.0784532, -0.274586]"
293,23.625,1010.25,"[9.7282, -0.392266, -0.0784532]"
294,23.25,1010.49,"[9.49284, -0.0784532, -0.156906]"
295,23.625,1010.24,"[9.7282, -0.509946, -0.156906]"
296,23.1875,1010.49,"[9.57129, -0.11768, -0.23536]"
297,23.5625,1010.25,"[9.7282, -0.470719, -0.11768]"
298,23.25,1010.49,"[9.45361, -0.0784532, -0.274586]"
299,23.5625,1010.24,"[9.76742, -0.431492, -0.0784532]"
300,23.1875,1010.48,"[9.57129, -0.0784532, -0.274586]"
301,23.5625,1010.23,"[9.76742, -0.431492, -0.0784532]"
302,23.25,1010.48,"[9.49284, -0.0784532, -0.23536]"
303,23.625,1010.23,"[9.84587, -0.666852, -0.196133]"
304,23.1875,1010.47,"[9.49284, -0.0784532, -0.23536]"
305,23.5625,1010.23,"[9.84587, -0.353039, -0.196133]"
306,23.1875,1010.47,"[9.57129, -0.196133, -0.274586]"
307,23.625,1010.23,"[9.84587, -0.431492, -0.156906]"
308,23.1875,1010.48,"[9.57129, -0.0784532, -0.274586]"
309,23.625,1010.23,"[9.80664, -0.470719, -0.11768]"
310,23.1875,1010.48,"[9.49284, -0.196133, -0.274586]"
311,23.625,1010.23,"[9.84587, -0.392266, -0.0392266]"
312,23.1875,1010.49,"[9.45361, -0.0784532, -0.313813]"
313,23.5625,1010.24,"[9.76742, -0.431492, -0.11768]"
314,23.1875,1010.49,"[9.53206, -0.11768, 0.0]"
315,23.625,1010.24,"[9.68897, -0.470719, 0.0784532]"
316,23.1875,1010.49,"[9.53206, -0.0784532, -0.196133]"
317,23.625,1010.24,"[9.7282, -0.392266, 0.0]"
318,23.25,1010.49,"[9.53206, -0.156906, -0.196133]"
319,23.5625,1010.24,"[9.80664, -0.509946, -0.0784532]"
320,23.1875,1010.49,"[9.57129, -0.0784532, -0.274586]"
321,23.625,1010.24,"[9.7282, -0.392266, 0.0]"
322,23.1875,1010.49,"[9.57129, -0.11768, -0.156906]"
323,23.625,1010.24,"[9.76742, -0.392266, -0.0784532]"
324,23.1875,1010.49,"[9.53206, -0.11768, -0.196133]"
325,23.5625,1010.24,"[9.7282, -0.470719, -0.11768]"
326,23.1875,1010.49,"[9.57129, -0.156906, -0.274586]"
327,23.625,1010.24,"[9.7282, -0.392266, -0.0392266]"
328,23.1875,1010.49,"[9.53206, -0.0784532, -0.196133]"
329,23.1875,1010.49,"[9.57129, -0.0392266, -0.156906]"
330,23.625,1010.25,"[9.76742, -0.431492, -0.0784532]"
331,23.6875,1010.24,"[9.80664, -0.470719, -0.0784532]"
332,23.1875,1010.49,"[9.61051, -0.196133, -0.23536]"
333,23.625,1010.24,"[9.80664, -0.509946, 0.0392266]"
334,23.25,1010.49,"[9.37515, -0.0784532, -0.156906]"
335,23.625,1010.25,"[9.8851, -0.313813, -0.0392266]"
336,23.25,1010.49,"[9.45361, -0.11768, -0.23536]"
337,23.6875,1010.25,"[9.76742, -0.470719, -0.0784532]"
338,23.1875,1010.49,"[9.49284, -0.0784532, -0.196133]"
339,23.6875,1010.25,"[9.68897, -0.470719, -0.0784532]"
340,23.1875,1010.49,"[9.45361, -0.0784532, -0.196133]"
341,23.625,1010.24,"[9.84587, -0.509946, -0.196133]"
342,23.1875,1010.49,"[9.53206, -0.11768, -0.313813]"
343,23.625,1010.24,"[9.80664, -0.431492, 0.0]"
344,23.1875,1010.49,"[9.53206, -0.11768, -0.23536]"
345,23.625,1010.24,"[9.80664, -0.470719, -0.11768]"
346,23.625,1010.25,"[9.8851, -0.392266, -0.11768]"
347,23.1875,1010.49,"[9.45361, -0.0392266, -0.274586]"
348,23.625,1010.24,"[9.84587, -0.274586, -0.0784532]"
349,23.1875,1010.49,"[9.57129, -0.11768, -0.353039]"
350,23.6875,1010.24,"[9.80664, -0.392266, -0.0784532]"
351,23.625,1010.24,"[9.76742, -0.392266, -0.0784532]"
352,23.625,1010.25,"[9.80664, -0.431492, -0.0784532]"
353,23.625,1010.24,"[9.7282, -0.431492, 0.0]"
354,23.625,1010.24,"[9.76742, -0.470719, -0.0784532]"
355,23.25,1010.49,"[9.45361, -0.0784532, -0.23536]"
356,23.1875,1010.49,"[9.53206, 0.0, -0.274586]"
357,23.5625,1010.25,"[9.64974, -0.470719, -0.196133]"
358,23.1875,1010.49,"[9.57129, -0.11768, -0.156906]"
359,23.625,1010.25,"[9.8851, -0.509946, -0.23536]"
360,23.1875,1010.49,"[9.57129, -0.11768, -0.23536]"
361,23.625,1010.24,"[9.64974, -0.431492, 0.0]"
362,23.25,1010.49,"[9.53206, -0.0784532, -0.23536]"
363,23.625,1010.24,"[9.7282, -0.509946, -0.11768]"
364,23.1875,1010.49,"[9.53206, -0.156906, -0.23536]"
365,23.6875,1010.24,"[9.84587, -0.392266, 0.0]"
366,23.25,1010.49,"[9.53206, -0.0784532, -0.156906]"
367,23.625,1010.24,"[9.76742, -0.431492, -0.11768]"
368,23.1875,1010.49,"[9.53206, -0.11768, -0.313813]"
369,23.6875,1010.24,"[9.64974, -0.392266, -0.196133]"
370,23.25,1010.49,"[9.49284, -0.0784532, -0.274586]"
371,23.625,1010.24,"[9.96355, -0.274586, -0.0784532]"
372,23.1875,1010.49,"[9.53206, -0.0784532, -0.23536]"
373,23.625,1010.24,"[9.80664, -0.509946, -0.196133]"
374,23.1875,1010.49,"[9.49284, -0.0784532, -0.156906]"
375,23.625,1010.24,"[9.84587, -0.431492, -0.0392266]"
376,23.1875,1010.49,"[9.45361, -0.156906, -0.196133]"
377,23.625,1010.24,"[9.76742, -0.392266, -0.0392266]"
378,23.25,1010.48,"[9.61051, -0.156906, -0.23536]"
379,23.625,1010.24,"[9.76742, -0.470719, -0.0784532]"
380,23.3125,1010.5,"[9.57129, -0.23536, -0.156906]"
381,23.6875,1010.24,"[9.80664, -0.353039, 0.0]"
382,23.1875,1010.5,"[9.41438, 0.0, -0.196133]"
383,23.6875,1010.24,"[9.7282, -0.470719, -0.0784532]"
384,23.1875,1010.5,"[9.57129, -0.196133, -0.353039]"
385,23.6875,1010.25,"[9.7282, -0.470719, 0.0]"
386,23.1875,1010.49,"[9.57129, -0.0392266, -0.23536]"
387,23.6875,1010.24,"[9.61051, -0.353039, 0.0]"
388,23.25,1010.49,"[9.53206, -0.0392266, -0.196133]"
389,23.6875,1010.25,"[9.76742, -0.392266, -0.0784532]"
390,23.6875,1010.24,"[9.80664, -0.509946, -0.0392266]"
391,23.6875,1010.25,"[9.68897, -0.470719, -0.11768]"
392,23.75,1010.25,"[9.76742, -0.509946, -0.0784532]"
393,23.6875,1010.25,"[9.84587, -0.431492, -0.0784532]"
394,23.6875,1010.25,"[9.76742, -0.470719, -0.0784532]"
395,23.6875,1010.25,"[9.80664, -0.470719, -0.156906]"
396,23.6875,1010.25,"[9.7282, -0.392266, -0.156906]"
397,23.75,1010.25,"[9.80664, -0.470719, -0.11768]"
398,23.75,1010.24,"[9.76742, -0.431492, 0.0]"
399,23.6875,1010.25,"[9.84587, -0.392266, -0.0784532]"
400,23.6875,1010.26,"[9.76742, -0.470719, -0.11768]"
401,23.75,1010.25,"[9.84587, -0.11768, -0.11768]"
402,23.6875,1010.25,"[9.64974, -0.588399, -0.0784532]"
403,23.75,1010.25,"[9.76742, -0.431492, 0.0]"
404,23.6875,1010.25,"[9.76742, -0.509946, -0.11768]"
405,23.6875,1010.25,"[9.7282, -0.509946, -0.0392266]"
406,23.6875,1010.25,"[9.7282, -0.470719, -0.196133]"
407,23.6875,1010.25,"[9.76742, -0.431492, -0.0392266]"
408,23.6875,1010.26,"[9.57129, -0.392266, -0.0784532]"
409,23.75,1010.23,"[9.76742, -0.353039, 0.0392266]"
410,23.25,1010.5,"[9.53206, -0.11768, -0.196133]"
411,23.6875,1010.24,"[9.7282, -0.470719, -0.11768]"
412,23.6875,1010.23,"[9.76742, -0.470719, -0.0392266]"
413,23.6875,1010.23,"[9.76742, -0.509946, -0.11768]"
414,23.6875,1010.24,"[9.76742, -0.392266, 0.0392266]"
415,23.6875,1010.24,"[9.76742, -0.392266, -0.0784532]"
416,23.6875,1010.25,"[9.64974, -0.509946, -0.0784532]"
417,23.6875,1010.26,"[9.7282, -0.313813, 0.0392266]"
418,23.1875,1010.5,"[9.41438, 0.0, -0.156906]"
419,23.3125,1010.5,"[9.57129, -0.11768, -0.196133]"
420,23.6875,1010.25,"[9.8851, -0.431492, -0.11768]"
421,23.3125,1010.51,"[9.45361, -0.0784532, -0.23536]"
422,23.6875,1010.25,"[9.76742, -0.392266, -0.0392266]"
423,23.25,1010.5,"[9.57129, -0.11768, -0.196133]"
424,23.6875,1010.26,"[9.84587, -0.431492, -0.156906]"
425,23.25,1010.5,"[9.49284, -0.156906, -0.196133]"
426,23.6875,1010.26,"[9.7282, -0.431492, -0.0392266]"
427,23.25,1010.5,"[9.49284, -0.0392266, -0.196133]"
428,23.625,1010.26,"[9.7282, -0.470719, -0.156906]"
429,23.25,1010.51,"[9.61051, -0.156906, -0.274586]"
430,23.6875,1010.26,"[9.80664, -0.431492, -0.196133]"
431,23.25,1010.51,"[9.53206, -0.11768, -0.274586]"
432,23.6875,1010.26,"[9.7282, -0.470719, -0.0392266]"
433,23.25,1010.5,"[9.49284, -0.11768, -0.196133]"
434,23.6875,1010.25,"[9.7282, -0.588399, 0.0392266]"
435,23.25,1010.51,"[9.45361, -0.11768, -0.23536]"
436,23.6875,1010.26,"[9.80664, -0.431492, -0.0784532]"
437,23.25,1010.51,"[9.49284, -0.0784532, -0.156906]"
438,23.6875,1010.26,"[9.7282, -0.431492, -0.0784532]"
439,23.25,1010.5,"[9.53206, -0.0392266, -0.274586]"
440,23.6875,1010.26,"[9.80664, -0.392266, -0.156906]"
441,23.3125,1010.51,"[9.49284, -0.0784532, -0.23536]"
442,23.6875,1010.26,"[9.76742, -0.431492, -0.0784532]"
443,23.6875,1010.26,"[9.76742, -0.627625, -0.0392266]"
444,23.3125,1010.51,"[9.53206, -0.156906, -0.196133]"
445,23.6875,1010.26,"[9.76742, -0.392266, 0.0]"
446,23.25,1010.51,"[9.53206, -0.156906, -0.23536]"
447,23.75,1010.26,"[9.80664, -0.509946, -0.0392266]"
448,23.3125,1010.51,"[9.57129, -0.0392266, -0.274586]"
449,23.6875,1010.26,"[9.80664, -0.470719, -0.0784532]"
450,23.75,1010.26,"[9.80664, -0.431492, -0.0784532]"
451,23.3125,1010.51,"[9.57129, -0.0392266, -0.156906]"
452,23.6875,1010.26,"[9.80664, -0.509946, -0.156906]"
453,23.6875,1010.26,"[9.68897, -0.470719, -0.156906]"
454,23.25,1010.51,"[9.53206, -0.0784532, -0.11768]"
455,23.6875,1010.26,"[9.7282, -0.470719, -0.11768]"
456,23.25,1010.51,"[9.49284, -0.11768, -0.156906]"
457,23.75,1010.26,"[9.68897, -0.470719, -0.11768]"
458,23.75,1010.26,"[9.76742, -0.313813, 0.196133]"
459,23.3125,1010.51,"[9.53206, -0.11768, -0.196133]"
460,23.75,1010.26,"[9.80664, -0.470719, 0.0392266]"
461,23.25,1010.51,"[9.45361, -0.156906, -0.274586]"
462,23.75,1010.26,"[9.76742, -0.392266, -0.11768]"
463,23.3125,1010.51,"[9.45361, -0.11768, -0.156906]"
464,23.75,1010.26,"[9.80664, -0.392266, -0.0392266]"
465,23.3125,1010.51,"[9.57129, -0.313813, -0.23536]"
466,23.6875,1010.26,"[9.68897, -0.470719, -0.0392266]"
467,23.3125,1010.51,"[9.57129, -0.11768, -0.23536]"
468,23.6875,1010.26,"[9.76742, -0.392266, -0.11768]"
469,23.3125,1010.51,"[9.61051, -0.156906, -0.23536]"
470,23.75,1010.26,"[9.7282, -0.509946, -0.0784532]"
471,23.3125,1010.51,"[9.53206, -0.0784532, -0.196133]"
472,23.75,1010.26,"[9.80664, -0.431492, -0.0784532]"
473,23.3125,1010.51,"[9.53206, -0.156906, -0.274586]"
474,23.75,1010.26,"[9.7282, -0.431492, -0.156906]"
475,23.3125,1010.51,"[9.49284, -0.11768, -0.274586]"
476,23.6875,1010.26,"[9.68897, -0.392266, -0.11768]"
477,23.3125,1010.51,"[9.49284, -0.0392266, -0.23536]"
478,23.6875,1010.26,"[9.68897, -0.470719, -0.11768]"
479,23.3125,1010.51,"[9.61051, -0.11768, -0.274586]"
480,23.75,1010.26,"[9.80664, -0.431492, -0.0784532]"
481,23.3125,1010.51,"[9.53206, -0.0784532, -0.156906]"
482,23.6875,1010.26,"[9.84587, -0.549172, -0.11768]"
483,23.3125,1010.51,"[9.61051, -0.11768, -0.156906]"
484,23.75,1010.26,"[9.64974, -0.431492, -0.0784532]"
485,23.25,1010.51,"[9.49284, -0.11768, -0.196133]"
486,23.75,1010.26,"[9.84587, -0.470719, -0.156906]"
487,23.3125,1010.52,"[9.53206, -0.11768, -0.156906]"
488,23.75,1010.27,"[9.84587, -0.509946, 0.0]"
489,23.3125,1010.51,"[9.53206, -0.0784532, -0.156906]"
490,23.75,1010.27,"[9.7282, -0.509946, -0.11768]"
491,23.3125,1010.51,"[9.53206, -0.0392266, -0.392266]"
492,23.75,1010.26,"[9.7282, -0.470719, 0.0]"
493,23.3125,1010.51,"[9.61051, -0.0784532, -0.274586]"
494,23.75,1010.26,"[9.76742, -0.392266, -0.0784532]"
495,23.3125,1010.51,"[9.37515, -0.23536, -0.313813]"
496,23.75,1010.27,"[9.7282, -0.392266, -0.156906]"
497,23.3125,1010.51,"[9.49284, -0.0784532, -0.156906]"
498,23.75,1010.26,"[9.7282, -0.392266, -0.156906]"
499,23.75,1010.26,"[9.7282, -0.431492, -0.0784532]"
500,23.375,1010.51,"[9.61051, -0.11768, -0.156906]"
501,23.8125,1010.26,"[9.80664, -0.431492, -0.156906]"
502,23.375,1010.51,"[9.53206, -0.0392266, -0.274586]"
503,23.375,1010.51,"[9.49284, -0.11768, -0.156906]"
504,23.375,1010.51,"[9.49284, -0.0784532, -0.23536]"
505,23.6875,1010.26,"[9.7282, -0.470719, -0.11768]"
506,23.3125,1010.51,"[9.53206, -0.11768, -0.196133]"
507,23.75,1010.26,"[9.7282, -0.470719, -0.0784532]"
508,23.3125,1010.52,"[9.61051, -0.0784532, -0.196133]"
509,23.75,1010.29,"[9.80664, -0.549172, -0.0392266]"
510,23.375,1010.55,"[9.53206, -0.0784532, -0.196133]"
511,23.8125,1010.31,"[9.7282, -0.470719, -0.0784532]"
512,23.375,1010.56,"[9.57129, -0.0784532, -0.196133]"
513,23.8125,1010.31,"[9.76742, -0.470719, 0.0]"
514,23.3125,1010.56,"[9.53206, -0.11768, -0.23536]"
515,23.8125,1010.3,"[9.84587, -0.431492, 0.0]"
516,23.3125,1010.55,"[9.61051, 0.0, -0.156906]"
517,23.8125,1010.31,"[9.80664, -0.549172, -0.0784532]"
518,23.3125,1010.55,"[9.57129, -0.11768, -0.156906]"
519,23.8125,1010.3,"[9.68897, -0.470719, -0.196133]"
520,23.3125,1010.55,"[9.61051, -0.11768, -0.274586]"
521,23.75,1010.3,"[9.76742, -0.470719, -0.0784532]"
522,23.3125,1010.54,"[9.53206, -0.11768, -0.156906]"
523,23.8125,1010.3,"[9.7282, -0.392266, 0.0]"
524,23.3125,1010.54,"[9.45361, -0.0784532, -0.156906]"
525,23.75,1010.27,"[9.68897, -0.470719, -0.11768]"
526,23.375,1010.51,"[9.41438, -0.11768, -0.196133]"
527,23.75,1010.27,"[9.80664, -0.509946, -0.23536]"
528,23.3125,1010.51,"[9.49284, -0.11768, -0.23536]"
529,23.8125,1010.26,"[9.7282, -0.549172, -0.156906]"
530,23.375,1010.52,"[9.49284, -0.0784532, -0.196133]"
531,23.8125,1010.26,"[9.80664, -0.549172, -0.11768]"
532,23.3125,1010.52,"[9.57129, -0.0784532, -0.274586]"
533,23.8125,1010.26,"[9.80664, -0.353039, -0.0392266]"
534,23.375,1010.52,"[9.57129, -0.156906, -0.156906]"
535,23.8125,1010.26,"[9.76742, -0.392266, -0.0392266]"
536,23.3125,1010.51,"[9.53206, -0.156906, -0.274586]"
537,23.8125,1010.26,"[9.84587, -0.509946, 0.0]"
538,23.3125,1010.51,"[9.53206, -0.11768, -0.23536]"
539,23.8125,1010.26,"[9.68897, -0.470719, -0.0784532]"
540,23.375,1010.51,"[9.53206, -0.0784532, -0.313813]"
541,23.8125,1010.27,"[9.7282, -0.392266, -0.0784532]"
542,23.375,1010.52,"[9.53206, -0.11768, -0.274586]"
543,23.8125,1010.29,"[9.76742, -0.549172, -0.0784532]"
544,23.375,1010.54,"[9.53206, -0.156906, -0.11768]"
545,23.8125,1010.29,"[9.68897, -0.431492, -0.11768]"
546,23.3125,1010.54,"[9.49284, -0.196133, -0.156906]"
547,23.75,1010.29,"[9.80664, -0.470719, -0.0392266]"
548,23.3125,1010.53,"[9.49284, -0.0784532, -0.23536]"
549,23.8125,1010.26,"[9.76742, -0.470719, -0.11768]"
550,23.375,1010.51,"[9.53206, -0.0784532, -0.156906]"
551,23.8125,1010.26,"[9.8851, -0.313813, -0.156906]"
552,23.375,1010.51,"[9.45361, -0.0784532, -0.23536]"
553,23.75,1010.26,"[9.76742, -0.470719, 0.0]"
554,23.3125,1010.51,"[9.45361, -0.0784532, -0.156906]"
555,23.8125,1010.26,"[9.80664, -0.470719, -0.0784532]"
556,23.3125,1010.55,"[9.53206, -0.0784532, -0.196133]"
557,23.75,1010.26,"[9.64974, -0.431492, 0.0]"
558,23.375,1010.5,"[9.53206, -0.156906, -0.196133]"
559,23.8125,1010.26,"[9.76742, -0.470719, -0.0784532]"
560,23.375,1010.51,"[9.53206, -0.11768, -0.196133]"
561,23.8125,1010.25,"[9.80664, -0.392266, -0.0392266]"
562,23.3125,1010.51,"[9.53206, -0.11768, -0.196133]"
563,23.75,1010.26,"[9.76742, -0.470719, -0.156906]"
564,23.375,1010.5,"[9.53206, -0.156906, -0.196133]"
565,23.8125,1010.25,"[9.7282, -0.509946, 0.0784532]"
566,23.375,1010.5,"[9.57129, -0.23536, -0.274586]"
567,23.8125,1010.26,"[9.68897, -0.470719, -0.11768]"
568,23.3125,1010.5,"[9.33593, 0.0392266, -0.156906]"
569,23.8125,1010.25,"[9.76742, -0.392266, -0.0392266]"
570,23.375,1010.5,"[9.45361, -0.0392266, -0.627625]"
571,23.8125,1010.26,"[9.68897, -0.431492, 0.0392266]"
572,23.375,1010.51,"[9.53206, -0.0392266, -0.274586]"
573,23.8125,1010.26,"[9.76742, -0.470719, -0.0784532]"
574,23.375,1010.51,"[9.49284, -0.0392266, -0.156906]"
575,23.8125,1010.26,"[10.1205, -0.470719, -0.11768]"
576,23.375,1010.53,"[9.41438, -0.11768, -0.23536]"
577,23.8125,1010.27,"[9.76742, -0.470719, -0.11768]"
578,23.3125,1010.5,"[9.49284, -0.11768, -0.196133]"
579,23.8125,1010.26,"[9.68897, -0.509946, 0.0784532]"
580,23.375,1010.5,"[9.61051, -0.0784532, -0.274586]"
581,23.8125,1010.26,"[9.84587, -0.509946, -0.156906]"
582,23.3125,1010.5,"[9.49284, -0.0784532, -0.196133]"
583,23.8125,1010.25,"[9.80664, -0.470719, -0.11768]"
584,23.3125,1010.5,"[9.53206, -0.0784532, -0.156906]"
585,23.8125,1010.25,"[9.68897, -0.470719, -0.156906]"
586,23.3125,1010.5,"[9.57129, -0.11768, -0.274586]"
587,23.8125,1010.26,"[9.7282, -0.353039, -0.0392266]"
588,23.375,1010.5,"[9.53206, -0.0392266, -0.313813]"
589,23.8125,1010.26,"[9.76742, -0.431492, -0.0784532]"
590,23.375,1010.5,"[9.49284, -0.0784532, -0.274586]"
591,23.875,1010.26,"[9.7282, -0.392266, -0.0784532]"
592,23.375,1010.5,"[9.49284, -0.156906, -0.23536]"
593,23.8125,1010.26,"[9.68897, -0.353039, -0.0392266]"
594,23.3125,1010.51,"[9.45361, 0.0, -0.23536]"
595,23.875,1010.26,"[9.76742, -0.470719, -0.0784532]"
596,23.3125,1010.51,"[9.53206, -0.0784532, -0.156906]"
597,23.8125,1010.26,"[9.80664, -0.509946, -0.0784532]"
598,23.3125,1010.52,"[9.49284, -0.0392266, -0.313813]"
599,23.8125,1010.27,"[9.7282, -0.431492, 0.0]"
600,23.3125,1010.52,"[9.53206, -0.11768, -0.274586]"
601,23.875,1010.27,"[9.76742, -0.509946, -0.0784532]"
602,23.3125,1010.52,"[9.57129, -0.11768, -0.274586]"
603,23.875,1010.27,"[9.80664, -0.509946, -0.0784532]"
604,23.3125,1010.52,"[9.57129, -0.0784532, -0.23536]"
605,23.875,1010.27,"[9.68897, -0.549172, -0.0784532]"
606,23.3125,1010.52,"[9.57129, 0.0, -0.23536]"
607,23.875,1010.27,"[9.7282, -0.392266, 0.0]"
608,23.3125,1010.52,"[9.53206, -0.156906, -0.196133]"
609,23.875,1010.27,"[9.76742, -0.470719, -0.11768]"
610,23.375,1010.51,"[9.49284, -0.11768, -0.156906]"
611,23.9375,1010.27,"[9.7282, -0.470719, -0.0392266]"
612,23.375,1010.52,"[9.49284, -0.0784532, -0.23536]"
